timestamp,Close,High,Low,Open,Volume
,AAPL,AAPL,AAPL,AAPL,AAPL
2022-01-03,178.87994384765625,179.73499253673097,174.65390353027703,174.77183507509497,104487900
2022-01-04,176.609619140625,179.7939048717263,176.0395918494563,179.48923847391032,99310400
2022-01-05,171.91183471679688,177.0715485386063,171.63665117934394,176.52118146370043,94537600
2022-01-06,169.0420684814453,172.285320469028,168.68825890104756,169.73002738877994,96904000
2022-01-07,169.20913696289062,171.14525945761193,168.08874249862777,169.91675609783337,86709100
2022-01-10,169.22879028320312,169.53345670452697,165.27791944101605,166.1722734494287,106765600
2022-01-11,172.06907653808594,172.1673477977068,167.8823429695319,169.3565468312396,76138300
2022-01-12,172.51133728027344,174.13295555388092,171.81355583992206,173.09118720876316,74805200
2022-01-13,169.22879028320312,173.5825988136433,168.83566022635117,172.7570481888216,84505800
2022-01-14,170.09365844726562,170.7914399169012,168.1476984416165,168.3933990992247,80440800
2022-01-18,166.87991333007812,169.57278332194957,166.49662084966823,168.56049766865218,90956700
2022-01-19,163.37130737304688,168.13790701368765,163.08630115574192,167.07647817629606,94815000
2022-01-20,161.68084716796875,166.7619347111161,161.35652051674097,164.10837074224375,91420500
2022-01-21,159.61700439453125,163.4695895238368,159.50889548799853,161.59243259966877,122848900
2022-01-24,158.84056091308594,159.50887451917274,152.0395683138979,157.26808565686596,162294600
2022-01-25,157.03221130371094,159.9609590965899,154.31968130054574,156.24596615896806,115798400
2022-01-26,156.94378662109375,161.5629569316169,155.10595012433467,160.68826301110587,108275300
2022-01-27,156.48182678222656,161.02236986801861,155.55798996472078,159.65627489219415,121954600
2022-01-28,167.4008026123047,167.4204628672782,160.0002987329338,162.8602584781643,179935700
2022-01-31,171.77426147460938,171.99047927683918,166.5948868425434,167.2337176205423,115541600
2022-02-01,171.60720825195312,171.83324871111864,169.34675867115328,171.01752053648133,86213900
2022-02-02,172.8160400390625,172.85536054887322,170.3492104199486,171.74478859061858,84914300
2022-02-03,169.9265594482422,173.20913145041823,169.15997463841794,171.47938931840278,89418100
2022-02-04,169.6411895751953,171.3239297234003,167.95844942699028,168.94250412955896,82465400
2022-02-07,168.9228515625,171.1763304609041,168.22416604358875,170.1037143263292,77251200
2022-02-08,172.04229736328125,172.55401004838063,168.69650213361186,168.9917215679186,74829200
2022-02-09,173.46917724609375,173.83327271357754,172.11117683042102,173.24284884864312,71285000
2022-02-10,169.37551879882812,172.68194375053233,168.8146153330359,171.36331383328056,90865900
2022-02-11,165.95101928710938,170.32022548644153,165.360580335394,169.58218430454045,98670700
2022-02-14,166.1872100830078,166.87604556697002,163.90419531846183,164.70127745101004,86185500
2022-02-15,170.03485107421875,170.19230347259372,167.53535806583648,168.2438788430367,62527400
2022-02-16,169.7986602783203,170.57605697053586,167.33852325607717,169.1098249151892,61177400
2022-02-17,166.1872100830078,169.16889547575568,165.7837439368702,168.30292228706756,69589300
2022-02-18,164.6324005126953,167.82072902550368,163.5400988885513,167.1122232569253,82772700
2022-02-22,161.69989013671875,164.03209518170536,159.5644780309518,162.3493548856938,91162800
2022-02-23,157.5176544189453,163.50069421366558,157.20274968475783,162.90042020266935,90009200
2022-02-24,160.14508056640625,160.25332719300383,149.57632680623354,150.14708038143124,141147500
2022-02-25,162.221435546875,162.48711952478297,158.30488673407692,161.22753061493847,91974200
2022-02-28,162.4871368408203,162.78235630766343,159.84002681342048,160.45998619224247,95056600
2022-03-01,160.59776306152344,163.94355886382843,159.38737969074035,162.0738454702056,83474400
2022-03-02,163.90414428710938,164.6913910303096,160.3517063092722,161.76874744393606,79724800
2022-03-03,163.57943725585938,166.21671212228483,162.91028714997404,165.78372557589515,76678400
2022-03-04,160.56822204589844,162.9102773059474,159.51529120397137,161.86718160657645,83737200
2022-03-07,156.75990295410156,162.3886965452946,156.50403914464985,160.7551622829558,96418800
2022-03-08,154.92959594726562,160.28285666328267,153.3157466151268,156.28759642734667,131148300
2022-03-09,160.35171508789062,160.80438687004462,156.86816795403388,158.905153435018,91454900
2022-03-10,155.99237060546875,157.83254827067594,153.49286301272676,157.64557545679153,105342000
2022-03-11,152.26280212402344,156.74025467661986,152.03647371376925,156.39582947431037,96970100
2022-03-14,148.2183380126953,151.66253001815127,147.70664029732,149.035105347276,108732100
2022-03-15,152.61708068847656,153.0894378821165,147.9821902189739,148.49388798885315,92964300
2022-03-16,157.04530334472656,157.44876942008187,151.99711238572482,154.54581073699606,102300200
2022-03-17,158.05889892578125,158.43284460620507,155.11658427872035,156.0809539111175,75615400
2022-03-18,161.36529541015625,161.85732279036876,157.212583119924,157.95062419024276,123511700
2022-03-21,162.74298095703125,163.69751527513725,160.410760966115,160.90278834594352,95811400
2022-03-22,166.12815856933594,166.71858251121776,162.28050023380402,162.87092417568584,81532000
2022-03-23,167.4959716796875,169.88721760148997,164.9767788153055,165.3113688542094,98062700
2022-03-24,171.29444885253906,171.36332488957797,167.49599622256298,168.33243390367338,90131400
2022-03-25,171.93405151367188,172.4851197852727,169.99546240540764,171.10744910627062,80546200
2022-03-28,172.80003356933594,172.92795048627315,169.25743018713217,169.42471770580778,90371900
2022-03-29,176.1064453125,176.15563603779327,173.528211647518,173.87263681747436,100589400
2022-03-30,174.93544006347656,176.74609743731983,173.88249413539714,175.7030016679424,92633200
2022-03-31,171.82583618164062,175.19130232369773,171.61917803441048,175.00432947989117,103049300
2022-04-01,171.53057861328125,172.09149702017976,169.198373694139,171.25504448846627,78751300
2022-04-04,175.59475708007812,175.64396282770502,171.65853751770197,171.7864694584347,76468400
2022-04-05,172.26861572265625,175.45695839959683,171.63882130670936,174.66971162579236,73401800
2022-04-06,169.0901641845703,170.86146610106397,167.4172737694601,169.61171210783138,89058800
2022-04-07,169.3951873779297,170.5957353976524,167.14170856316215,168.43081790840108,77594700
2022-04-08,167.3778839111328,169.0409389910171,166.5020757053073,169.0409389910171,76575500
2022-04-11,163.10711669921875,166.33481590686927,162.8611029485412,166.0199261140556,72246700
2022-04-12,164.9866180419922,167.16137056561655,163.9828780227514,165.3408783419899,79265200
2022-04-13,167.68292236328125,168.31271679879137,164.1108138532633,164.72092298955894,70618900
2022-04-14,162.65440368652344,168.53906192676106,162.40838999801636,167.89941732735232,75329400
2022-04-18,162.43792724609375,163.94352983512067,160.96184509877446,161.30625525719185,69023900
2022-04-19,164.73077392578125,165.14409017149563,161.2964321500132,162.3887336211493,67723800
2022-04-20,164.5634765625,166.1871759578773,163.45150487225482,166.06907917381437,67929800
2022-04-21,163.76641845703125,168.79493971335873,163.26455585195845,166.21672062047585,87227800
2022-04-22,159.21022033691406,165.1932753547798,158.92485105020066,163.80576949112535,84882400
2022-04-25,160.2828369140625,160.56820617483112,155.93331687209525,158.55089100434944,96046400
2022-04-26,154.29978942871094,159.75144619433357,154.22106324602348,159.66288486961668,95623200
2022-04-27,154.07347106933594,157.24211378977282,152.9024434257798,153.42399128149194,88063200
2022-04-28,161.03073120117188,161.89670425341123,156.3958263617354,156.71073111363518,130216800
2022-04-29,155.13621520996094,163.5498857766358,154.74259934183465,159.25940674593446,131747600
2022-05-02,155.44131469726562,155.70699870242646,150.8260949299853,154.21124610323508,123055300
2022-05-03,156.93704223632812,158.1474403507243,153.8274407389376,155.62824765941318,88966500
2022-05-04,163.372802734375,163.82545959087432,156.72058183628712,157.12404795896134,108256500
2022-05-05,154.270263671875,161.46370131983915,152.479276862281,161.23737293708814,130525300
2022-05-06,154.99952697753906,157.12821179757466,151.94446922447622,153.7479370549887,116124600
2022-05-09,149.855224609375,153.5705662251753,149.29349706523496,152.68360662844097,131577900
2022-05-10,152.2696990966797,154.46737635991622,150.71260627459526,153.26506437118704,115366700
2022-05-11,144.3758544921875,153.1960828683304,143.6958565940324,151.27435948498825,142689800
2022-05-12,140.4929656982422,144.08018734631574,136.78748878802156,140.69992744454566,182602000
2022-05-13,144.9770050048828,145.95265608735048,141.03500230205145,142.49353909158592,113990900
2022-05-16,143.4297637939453,145.38106598701418,142.08948225415682,143.43962842487466,86643800
2022-05-17,147.07614135742188,147.5984555661727,144.55324673702833,146.70164625018603,78336300
2022-05-18,138.77821350097656,145.2233813560545,137.87153963890293,144.72078142086878,109742900
2022-05-19,135.3585205078125,139.6060259100609,134.61939501913687,137.8518359532745,136095600
2022-05-20,135.5950164794922,138.65992377824847,130.68722797221466,137.07326729810367,137426100
2022-05-23,141.0349884033203,141.18280747509044,135.6541486277064,135.792118107207,117726300
2022-05-24,138.32485961914062,139.9115161270146,135.33879411636306,138.76833186496543,104132700
2022-05-25,138.48255920410156,139.73413423560646,136.33415991086508,136.42285136269513,92482700
2022-05-26,141.69529724121094,142.24717525757603,135.1515728345783,135.3979480231376,90601500
2022-05-27,147.47032165527344,147.50973506608682,143.15382385017716,143.28194375102797,90978500
2022-05-31,146.681884765625,148.47550281972386,144.71088384685805,146.9085606983146,103718400
2022-06-01,146.55380249023438,149.53986813880326,145.53872302627965,147.72653558588104,74286600
2022-06-02,149.017578125,149.07670576522273,144.7306437582719,145.6865807086683,72348100
2022-06-03,143.27210998535156,145.82455342819665,142.36545106101252,144.770060362495,88570300
2022-06-06,144.02105712890625,146.41583140720172,142.799030970996,144.89815206168706,71598400
2022-06-07,146.55380249023438,146.83959105092737,142.0106440716535,142.25701922442352,67808200
2022-06-08,145.81468200683594,147.69697680968412,145.32193168448424,146.42568759453718,53950200
2022-06-09,140.57183837890625,145.80484540213257,140.4634326856499,144.9474644884546,69473000
2022-06-10,135.1417236328125,138.7190811555441,135.07273136179253,138.24604500265073,91437900
2022-06-13,129.9678192138672,133.23967326736573,129.5341965596281,130.94345514835987,122207100
2022-06-14,130.83506774902344,131.94868835400084,129.57362805380447,131.19971323419813,84784300
2022-06-15,133.46636962890625,135.34867981532068,130.24379275536234,132.34289928892184,91533000
2022-06-16,128.17422485351562,130.47044340040713,127.16900988024103,130.16494057459525,108123900
2022-06-17,129.6524658203125,131.15043105016284,127.92783964673345,128.18407944512376,134520300
2022-06-21,133.8999786376953,135.07272690596213,131.3869638200352,131.48550486996535,81000500
2022-06-22,133.3875274658203,135.76257275465719,131.96840403366457,132.8356344352228,73409200
2022-06-23,136.2651824951172,136.58053489148253,133.66346131552876,134.83620952437622,72433800
2022-06-24,139.6060333251953,139.85240850117333,137.7434375963034,137.87154246227976,89116800
2022-06-27,139.6060333251953,141.4095014178601,138.9260354334884,140.63094744074303,70207900
2022-06-28,135.44723510742188,141.34052580053483,135.32897982103705,140.06923635925068,67083400
2022-06-29,137.21127319335938,138.63039676191534,134.68839353261495,135.4669475914292,66242400
2022-06-30,134.73765563964844,136.36372576433453,131.8304316095035,135.25996980273172,98964500
2022-07-01,136.91561889648438,137.024024585963,133.6930421082137,134.06752218659983,71051600
2022-07-05,139.50746154785156,139.5567395850138,134.9445889899598,135.77242091666662,73353800
2022-07-06,140.84774780273438,142.03034554759492,139.03443025811183,139.30051963790794,74064300
2022-07-07,144.22802734375,144.42512446788226,141.20253310502923,141.21238269809453,66253700
2022-07-08,144.90798950195312,145.41060438999426,142.89757506242208,143.15379978350074,64547800
2022-07-11,142.7694854736328,144.51382597051048,141.69529329047643,143.55788906254995,63141600
2022-07-12,143.7451171875,146.29756011597522,142.94686411267188,143.64656111311933,77588800
2022-07-13,143.38050842285156,144.3265807145126,140.0593606954875,140.91675656689353,71185600
2022-07-14,146.3173065185547,146.7903426970183,141.1729910854223,141.9909585625348,78140700
2022-07-15,147.99264526367188,148.67264318460957,146.05120759050547,147.6083005741264,76259900
2022-07-18,144.93760681152344,149.37236031781808,144.57296129769512,148.5543928665957,81420900
2022-07-19,148.81063842773438,149.0372994280704,144.77994328728008,145.7752937996692,82982400
2022-07-20,150.82101440429688,151.49116267268522,148.18972944635095,148.9288549414216,64823400
2022-07-21,153.09754943847656,153.31436080918664,149.73698823001865,152.25986777550145,65086600
2022-07-22,151.8557891845703,154.01403798046638,151.18565597102892,153.13694301712763,66675400
2022-07-25,150.73236083984375,152.79205412812468,150.07207703612667,151.7769893960991,53623900
2022-07-26,149.40191650390625,150.87030296581528,148.61351291334188,150.05233555639018,55138700
2022-07-27,154.5166473388672,155.04882613514658,149.95378934695273,150.36769783431046,78620700
2022-07-28,155.06854248046875,155.3543310693815,152.17116799178928,154.70389699283152,81378700
2022-07-29,160.15371704101562,161.257488076031,157.1873652790473,158.90214195015406,101786900
2022-08-01,159.16822814941406,161.21807160961242,158.55722246790594,158.67547775141105,67829400
2022-08-02,157.68995666503906,160.05516729364513,157.31547663627524,157.77866315380257,59907000
2022-08-03,163.72122192382812,164.17454378554137,158.4192238049961,158.5079152513036,82507500
2022-08-04,163.40586853027344,164.76586430720064,162.04587275334626,163.60296566260632,55474100
2022-08-05,163.17889404296875,163.6723288419394,160.85974446443265,161.06699370571175,56697000
2022-08-08,162.70516967773438,165.60656841764427,162.04396891961866,164.18547392802034,60276900
2022-08-09,162.75453186035156,163.6427235312398,161.10646144310655,161.86635524789833,63135500
2022-08-10,167.01783752441406,167.11651546175995,164.7085509256537,165.4783081057615,70170500
2022-08-11,166.2776641845703,168.74483818248612,165.9816002931334,167.8270416248752,57149200
2022-08-12,169.84027099609375,169.9093440404782,167.1757109224635,167.59020942251294,68039400
2022-08-15,170.91595458984375,171.11332550526615,169.10011807446065,169.26788410549148,54091700
2022-08-16,170.75802612304688,171.4291052045612,169.406019744618,170.51130875130826,56377100
2022-08-17,172.2581024169922,173.83708484024334,170.30410470369227,170.50147562429416,79542000
2022-08-18,171.8633270263672,172.60347919281742,170.84685258911696,171.46858522763415,62290100
2022-08-19,169.26788330078125,171.4587350859564,169.06063405258988,170.758051022337,70346300
2022-08-22,165.36976623535156,167.62969126880697,164.94540442529535,167.46192522339211,69026800
2022-08-23,165.0341796875,166.49475736672866,164.4617935794401,164.88615528818852,54147100
2022-08-24,165.33026123046875,165.90264739975865,164.06706935977206,165.12302704926418,53841500
2022-08-25,167.7974395751953,167.9059958352742,166.13950584864693,166.56385255540565,51218200
2022-08-26,161.4716033935547,168.80405254539968,161.4123936253421,168.3303593412636,78961000
2022-08-29,159.2610626220703,160.76109396527815,157.72154805178704,159.03407171248415,73314000
2022-08-30,156.82345581054688,160.42552392043874,155.64907854678992,160.00117720950024,77906200
2022-08-31,155.15562438964844,158.47150652042689,155.07667302243541,158.2050475383872,87991100
2022-09-01,155.8859405517578,156.33989216971713,152.6391308869704,154.5832653521816,74229900
2022-09-02,153.76414489746094,158.2544044411162,152.93517807481416,157.65241340262483,76957800
2022-09-06,152.50096130371094,155.02734512371137,151.67199443622994,154.41549077748996,73714800
2022-09-07,153.91217041015625,154.61283930679346,151.59302111354978,152.787139807606,87449600
2022-09-08,152.43186950683594,154.3069155323693,150.6752279441013,152.60949878868428,84923800
2022-09-09,155.30369567871094,155.74779913566564,152.71810162022223,153.428649081224,68028800
2022-09-12,161.28408813476562,162.10319169268726,157.20832701154205,157.49451256385936,104956000
2022-09-13,151.82000732421875,158.4320302699307,151.35617743298022,157.80043436290458,122656600
2022-09-14,153.2707061767578,155.0372110898694,151.59303096684667,152.75752979849568,87965400
2022-09-15,150.36932373046875,153.2016498653033,149.39233241450626,152.61938532747467,90481100
2022-09-16,148.72125244140625,149.36272674550892,146.4218443622924,149.22456559759132,162278800
2022-09-19,152.4516143798828,152.530565756339,147.142266074514,147.34950026158054,81474200
2022-09-20,154.83984375,156.0043577800845,151.07000947628035,151.38579993733708,107689800
2022-09-21,151.70162963867188,156.65572034175506,151.58321007920355,155.2740935613915,101696800
2022-09-22,150.73448181152344,152.44176215818038,148.9285084725313,150.37920812092767,86652500
2022-09-23,148.4547882080078,149.48114103515752,146.60934685596038,149.20481874902532,96029900
2022-09-26,148.7903289794922,151.750937683408,147.67516154898482,147.69490315670595,93339400
2022-09-27,149.76731872558594,152.68845924345578,147.98108723466274,150.7344617346572,84442700
2022-09-28,147.87252807617188,148.6620267188795,142.93818038229188,145.7014181025515,146691400
2022-09-29,140.6091766357422,144.79350916804302,138.83280834097133,144.18165483368003,128138200
2022-09-30,136.38539123535156,141.22106186093816,136.18802030456854,139.42495175640798,124925300
2022-10-03,140.57957458496094,141.1914439900878,135.88208060719077,136.39525702678367,114311700
2022-10-04,144.18165588378906,144.30007541815792,142.36580435900075,143.12569817421627,87830100
2022-10-05,144.47769165039062,145.44483462169993,141.13220458118386,142.17829892107557,79471000
2022-10-06,143.52044677734375,145.60274235287363,143.31321258240413,143.895462065149,68402200
2022-10-07,138.25057983398438,141.2210674225479,137.6189837955429,140.6684077127789,85925600
2022-10-10,138.57623291015625,140.0269324842531,136.75053311295184,138.57623291015625,74899000
2022-10-11,137.15512084960938,139.49401183769913,136.40510543994947,138.06303899554518,77033700
2022-10-12,136.52354431152344,138.51702522883681,136.3459150018641,137.3031797708572,70433700
2022-10-13,141.1125030517578,141.70461583345536,132.60567604457702,133.21754549496526,113224000
2022-10-14,136.56301879882812,142.62239748423457,136.37551116721934,142.41514824444727,88598000
2022-10-17,140.54010009765625,141.02365655306738,138.4281998048671,139.21769847828358,85250900
2022-10-18,141.8625030517578,144.77376532008952,138.76373315265158,143.57966155321216,99136600
2022-10-19,141.9710693359375,143.04675364711534,139.64205634508835,139.8295639891064,61758300
2022-10-20,141.50721740722656,143.97439116428012,140.77692855410262,141.14208050988137,64522000
2022-10-21,145.33628845214844,145.90867462024406,140.7769407155068,140.99405322955806,86548600
2022-10-24,147.4876708984375,148.25742804538453,144.08297350872007,145.25735083913412,75981900
2022-10-25,150.3397216796875,150.48776116501867,147.39885428402872,148.1192649256449,74732300
2022-10-26,147.38897705078125,149.9943121264643,146.09616525843597,148.9778376688811,88194300
2022-10-27,142.8987274169922,147.09292340264514,142.23752656273683,146.12579536819774,109180200
2022-10-28,153.69508361816406,155.43196876876547,145.87907785280416,146.25407807739884,164762400
2022-10-31,151.3265838623047,152.2147755550462,149.92523080942135,151.1489545588176,97943200
2022-11-01,148.67190551757812,153.4088828100258,147.17187450407766,153.04374586124993,80379300
2022-11-02,143.1256866455078,150.1719344831505,143.09608176430027,146.9942133937789,93604600
2022-11-03,137.05645751953125,140.92498461939732,136.92815965034873,140.1946956802254,97918500
2022-11-04,136.78955078125,141.03023754059535,132.83552430474884,140.456901891493,140814800
2022-11-07,137.32334899902344,137.55070131674174,134.1107022229699,135.53415428478314,83374600
2022-11-08,137.8966827392578,139.80449340378325,135.90978972981833,138.79622744381308,89908500
2022-11-09,133.3199005126953,136.95761319516816,133.04311982943733,136.90818484099725,74917800
2022-11-10,145.18197631835938,145.18197631835938,137.8966866598679,139.61669377296678,118854000
2022-11-11,147.9794464111328,148.28588106740983,142.71070401695297,144.1440507641814,93979700
2022-11-14,146.5757598876953,148.5527731206919,145.73552323030617,147.25783186642536,73374100
2022-11-15,148.31553649902344,151.82473825025608,146.85255082741247,150.47048891741846,89868300
2022-11-16,147.07989501953125,148.14748399123684,145.5971350727314,147.41599873753398,64218300
2022-11-17,148.9877471923828,149.73900693584756,144.4702638433015,144.74704454265256,80389400
2022-11-18,149.55116271972656,150.94496070019653,148.246341800127,150.5594437144723,74829600
2022-11-21,146.30885314941406,148.64172927634687,146.0221928785554,148.4341513417214,58724100
2022-11-22,148.4539031982422,148.6911501950918,145.24125698087363,146.42747688170903,51804100
2022-11-23,149.33372497558594,150.08498469071404,147.62359740352187,147.73233375155243,58301400
2022-11-25,146.40773010253906,147.16888449613631,145.42910302505686,146.6054284287757,35195900
2022-11-28,142.5624542236328,144.95463890856828,141.7321121181346,143.4718786844285,69246000
2022-11-29,139.5474853515625,143.14564904140522,138.73691772229893,142.6316213475949,83763800
2022-11-30,146.32864379882812,147.01071582680532,138.9346179969114,139.7748396315525,111380900
2022-12-01,146.60540771484375,147.4159903463265,144.92494955414173,146.50656610739853,71250400
2022-12-02,146.1111602783203,146.29897894842466,143.9759823709456,144.28243209151336,65447400
2022-12-05,144.94476318359375,149.1854509024183,144.09464669546585,146.0716603810268,68826400
2022-12-06,141.26747131347656,145.6070143612091,140.28884442227303,145.37966208348357,64727200
2022-12-07,139.32015991210938,141.72222435308203,138.39096104602496,140.55579349287746,69721100
2022-12-08,141.01048278808594,141.87049392300491,139.47830938217072,140.72382246539036,62128300
2022-12-09,140.52610778808594,143.89691905591846,139.28057976630063,140.7040317435328,76097000
2022-12-12,142.82931518554688,142.8391948209038,139.43872991493555,141.0598800348259,70462700
2022-12-13,143.7980499267578,148.2463294293383,142.5821910860748,147.7817301412846,93886200
2022-12-14,141.5640411376953,144.9743859949628,139.5375995292449,143.67944472283807,82291200
2022-12-15,134.93116760253906,140.17025624774567,134.46656823635524,139.48818419596876,98931900
2022-12-16,132.9640350341797,136.06794556798988,132.1930009902241,135.11898755239025,160156900
2022-12-19,130.84861755371094,133.6460931216457,129.81069766078807,133.5571311451233,79592600
2022-12-20,130.77943420410156,131.7185125149171,128.39712953221752,129.87988952300458,77432800
2022-12-21,133.89321899414062,135.2375886040089,131.224254130209,131.45160643001654,85928000
2022-12-22,130.7102508544922,133.01347352460496,128.80243995719394,132.80589554186707,77852100
2022-12-23,130.344482421875,130.89804371107982,128.14999653723166,129.41528379353238,63814900
2022-12-27,128.53553771972656,129.89968192747375,127.24059622786994,129.87002793021114,69007800
2022-12-28,124.59137725830078,129.52402325835672,124.42333294025542,128.17965363057965,85438400
2022-12-29,128.120361328125,128.98035737968635,126.26197134070489,126.51897766739482,75703700
2022-12-30,128.43666076660156,128.45643512279935,125.9654017030859,126.93414153068441,77034200
2023-01-03,123.63253021240234,129.39551842727084,122.74287269172645,128.78264911213327,112117500
2023-01-04,124.90769958496094,127.18126787275598,123.64241229292817,125.4316068972832,89113600
2023-01-05,123.5831069946289,126.30150047855705,123.32610067708713,125.66885678017948,80962700
2023-01-06,128.13023376464844,128.79253144434853,123.45460129199294,124.5617315121944,87754700
2023-01-09,128.6541290283203,131.87667022454877,128.39712274020837,128.9704583829939,70790800
2023-01-10,129.22744750976562,129.75135473588205,126.64744500156075,128.76284825892097,63896200
2023-01-11,131.9557647705078,131.9755240444425,128.9605906771462,129.74150433319187,69458900
2023-01-12,131.87667846679688,132.71690008626126,129.92931912019301,132.34127780837738,71379600
2023-01-13,133.21115112304688,133.36931580754018,130.14678954891528,130.51253218381837,57809700
2023-01-17,134.37759399414062,135.7120688975574,132.5883994032112,133.28035102906594,63646600
2023-01-18,133.65599060058594,137.01690717262807,133.47805156045354,135.24748690824802,69672800
2023-01-19,133.71531677246094,134.68404919653628,132.23255659782018,132.53899128723262,58280400
2023-01-20,136.28538513183594,136.4336701555814,132.67734247187641,133.72515693933153,80223600
2023-01-23,139.48818969726562,141.67279627654958,136.3150763566329,136.5325490508029,81760300
2023-01-24,140.89183044433594,141.51459436693844,138.68746516946817,138.69734480445425,66435100
2023-01-25,140.22958374023438,140.79302480696597,137.21463480103895,139.2707308795162,65799300
2023-01-26,142.305419921875,142.59208020551668,140.26908361074402,141.52449124388164,54105100
2023-01-27,144.2527618408203,145.5378234459024,141.43552706245464,141.51460940098116,70555800
2023-01-30,141.3564453125,143.87714018615392,141.208175354279,143.29392490593287,64015300
2023-01-31,142.63162231445312,142.68105066516867,140.64472931637368,141.05990031223737,65874500
2023-02-01,143.75852966308594,144.9249754734958,139.69578139358237,142.31531825228282,77663600
2023-02-02,149.08656311035156,149.4424109834998,146.46701173795722,147.18861728641792,118339000
2023-02-03,152.72427368164062,155.571177590554,146.13093629775682,146.32863460622823,154357300
2023-02-06,149.98609924316406,151.34036351523568,149.0470210083263,150.8164562342184,69858300
2023-02-07,152.87255859375,153.4458943027817,148.9086520667493,148.9086520667493,83322600
2023-02-08,150.17393493652344,152.80336635897712,149.43255491704016,152.11141469080906,64120100
2023-02-09,149.135986328125,152.55622581029445,148.69116137357645,152.0125441621068,56007100
2023-02-10,149.50228881835938,149.82899586326752,147.73016708482578,147.96777632833437,57450700
2023-02-13,152.31394958496094,152.71984461594153,149.413195193509,149.44289446147238,62199000
2023-02-14,151.67044067382812,152.23475701699866,149.35380697400552,150.60122163396125,61707600
2023-02-15,153.77919006347656,153.94749097395436,151.35365383790918,151.58135329250317,65573800
2023-02-16,152.17535400390625,154.76919088525318,151.8189476677602,151.97733873436857,68167900
2023-02-17,151.02694702148438,151.47245120963535,149.34392280711089,150.8289468385779,59144100
2023-02-21,146.99757385253906,149.78942626925934,146.92828058675818,148.7004026088836,58867200
2023-02-22,147.42327880859375,148.4528887502369,145.69075089528818,147.3836697109664,51011300
2023-02-23,147.90838623046875,148.83900369928494,145.76996312428713,148.59149969615066,48394200
2023-02-24,145.2452392578125,145.720442659753,144.26511807901926,145.64123957502227,55469600
2023-02-27,146.4431610107422,147.6806809778149,145.97785229460726,146.23526611588312,44998500
2023-02-28,145.93824768066406,147.59157242356576,145.36403664496177,145.58184135182967,50547000
2023-03-01,143.85922241210938,145.76005131760687,143.56221459109048,145.3640509605452,55479000
2023-03-02,144.45323181152344,145.24524759786468,142.46329007120497,142.93850860687647,52238100
2023-03-03,149.52210998535156,149.6013130753249,145.85905393614254,146.56195681168307,70732300
2023-03-06,152.29415893554688,154.73949959731118,151.92785785960842,152.25454983701871,87558000
2023-03-07,150.08641052246094,152.49214181283335,149.62110185942342,152.16543476603405,56182000
2023-03-08,151.34375,151.93776567756532,150.31413994619248,151.2843514535327,47204800
2023-03-09,149.0864715576172,152.99703083776646,148.7300652752538,152.02681961050465,53833600
2023-03-10,147.01734924316406,149.43299026055394,146.1362357677826,148.71028294188977,68572400
2023-03-13,148.96771240234375,151.61105337476013,146.2253637849075,146.33426615185107,84457100
2023-03-14,151.06654357910156,151.86845415267095,148.60141331315802,149.76962498664284,73695900
2023-03-15,151.4625244140625,151.71992308668965,148.42316862217967,149.6804929323757,77167900
2023-03-16,154.29400634765625,154.8979167381579,150.12603215969472,150.64084473187137,76161100
2023-03-17,153.45248413085938,155.17511745555205,152.7396713831552,154.52170325241562,98944600
2023-03-20,155.8284912109375,156.24431116818113,152.61093964757077,153.52176753764005,73641400
2023-03-21,157.6897430419922,157.80854012474336,154.97709383642948,155.7493201936468,73938300
2023-03-22,156.2542266845703,160.5211932163919,156.23442213481738,157.70955140928402,75701800
2023-03-23,157.34323120117188,159.9370833205621,156.10571123599644,157.24423866782476,67622100
2023-03-24,158.65005493164062,158.73915274100096,156.27402271003157,157.27393337455686,59196500
2023-03-27,156.69972229003906,159.1648674270664,156.29381212775743,158.34315238139064,52390300
2023-03-28,156.07601928710938,156.90764422361815,154.4226943488484,156.39283166414998,45992200
2023-03-29,159.1648712158203,159.44207447801494,157.75905035570605,157.77883979840226,51305700
2023-03-30,160.73898315429688,160.8478855082498,159.65986944195512,159.9172681392784,49501700
2023-03-31,163.2536163330078,163.35262396586768,160.29347845168977,160.8181856716707,68749800
2023-04-03,164.51095581054688,164.62975289569243,162.58042764470542,162.62993146566447,56976200
2023-04-04,163.97634887695312,165.17425973324032,163.46153634610226,164.9366655701128,46278300
2023-04-05,162.125,163.40212898364032,160.1845772758085,163.0952264685397,51511700
2023-04-06,163.01602172851562,163.31302951982073,160.3825758088242,160.80827539475462,45390100
2023-04-10,160.4122772216797,160.4122772216797,158.48174921205518,159.80836691031573,47716900
2023-04-11,159.19459533691406,160.73901806921322,158.90748220210756,160.72912334632053,47644200
2023-04-12,158.50157165527344,160.44199460478865,158.18475927615913,159.61038476928212,50133100
2023-04-13,163.90704345703125,164.14465273087802,159.80837789845614,160.01628790137767,68445600
2023-04-14,163.560546875,164.65946521821587,162.18442526560762,162.94672669437054,49386500
2023-04-17,163.580322265625,163.73872843453088,162.39230621171848,163.4417206444433,41516200
2023-04-18,164.80795288085938,165.73857027099072,163.99613256812546,164.4416518212544,49923000
2023-04-19,165.9563751220703,166.48108235627174,163.8872303481945,164.14464415802902,47720200
2023-04-20,164.98614501953125,166.19396563576217,163.90703130539762,164.43173852810273,52456400
2023-04-21,163.3724365234375,164.78815208279067,162.8477292777316,163.40213579346278,58337300
2023-04-24,163.67933654785156,163.94664508043508,162.25371118266517,163.35262947612597,41949600
2023-04-25,162.13490295410156,164.64953661232676,162.09529385976796,163.54072367407858,48714100
2023-04-26,162.125,163.6298284131595,161.1745931859106,161.43199188421733,45498800
2023-04-27,166.72857666015625,166.8770729984066,163.54072434320634,163.54072434320634,64902300
2023-04-28,167.9858856201172,168.15420161173702,166.20386913874557,166.80777942388167,55209200
2023-05-01,167.89678955078125,168.74820381228082,166.9562774855819,167.58988704485296,52472900
2023-05-02,166.85728454589844,168.6492261368123,165.86726857821876,168.3918123170909,48425700
2023-05-03,165.77816772460938,169.21352427793394,165.4910697460863,167.8077034423993,65136000
2023-05-04,164.1347198486328,165.37223965151196,162.6695006318279,163.243711633137,81235400
2023-05-05,171.83709716796875,172.5598046719848,169.0551393113796,169.27294405611536,113316400
2023-05-08,171.76776123046875,172.1142728432519,170.39163971305302,170.75794076749395,55962800
2023-05-09,170.05506896972656,171.80738658228358,169.88676804624944,171.32228836356919,45326900
2023-05-10,171.82716369628906,172.29247239543182,170.18373361448457,171.29256173687202,53724500
2023-05-11,172.01527404785156,172.84688383352895,170.4510470092042,172.11428168700377,49514700
2023-05-12,171.0833740234375,172.5605284867848,169.52689179090092,172.1243165202818,45497800
2023-05-15,170.58766174316406,171.71784028672823,169.99282456135643,171.6682680003546,37266700
2023-05-16,170.58766174316406,171.6484360603376,170.31998349861684,170.50834911043384,42110300
2023-05-17,171.20233154296875,171.4402543357864,168.9518826544196,170.23077817517168,57951600
2023-05-18,173.54200744628906,173.73037308197308,171.0932844370763,171.50966446616422,65496700
2023-05-19,173.65106201171875,174.8704617599002,173.43295602393476,174.8704617599002,55772400
2023-05-22,172.69932556152344,173.20494177332736,171.95578654636702,172.481219573557,43570900
2023-05-23,170.08206176757812,171.88639029719062,169.80447509030535,171.6385439691014,50747300
2023-05-24,170.3596649169922,170.9346702690374,169.05104404436648,169.61612586083143,45143500
2023-05-25,171.49974060058594,172.4018896852921,170.21093674442764,170.92473533776644,56058300
2023-05-26,173.91868591308594,174.25576835370958,171.61868028010377,171.82687781321437,54835000
2023-05-30,175.77261352539062,177.44805707235744,175.04890650518007,175.4355461600694,55964400
2023-05-31,175.72305297851562,177.80496826079084,175.23726871202743,175.80236562165695,99625300
2023-06-01,178.53858947753906,178.5683298287558,175.405808045758,176.1691790241155,68901800
2023-06-02,179.3911590576172,180.21401063542314,177.7157155545107,179.47047169338217,61945900
2023-06-05,178.03297424316406,183.35670847100744,176.50623240767692,181.05670243794387,121946500
2023-06-06,177.6661834716797,178.56833268525313,175.9015035496613,178.41963092679066,64848400
2023-06-07,176.28814697265625,179.64894264257165,175.79245430672572,176.90280103766142,61944600
2023-06-08,179.01446533203125,179.2821284929526,175.93125619506344,176.367453055308,50214900
2023-06-09,179.4010772705078,180.66012561666918,179.07391833043295,179.93641863686977,48870700
2023-06-12,182.20669555664062,182.30584013644759,179.4109969086846,179.70841552076647,54274900
2023-06-13,181.73085021972656,182.56361030209754,180.86834978636662,181.22524912557424,54929100
2023-06-14,182.36534118652344,182.8015531826157,180.45197462688512,181.79033583961464,57462900
2023-06-15,184.40760803222656,184.91322430946659,182.196822643367,182.37527989631698,65433200
2023-06-16,183.3269805908203,185.37915556544473,182.68258615200966,185.12138568804832,101235600
2023-06-20,183.41619873046875,184.4968202621219,182.82137659501507,182.82137659501507,49799100
2023-06-21,182.37525939941406,183.8127651610623,181.01705115534045,183.30714894064778,49515700
2023-06-22,185.38906860351562,185.43864089866383,182.08775342754114,182.15715766621673,51245300
2023-06-23,185.0718231201172,185.94424713129428,183.41621128242684,183.9515678810459,53079300
2023-06-26,183.67396545410156,186.43001547826037,183.63430156934749,185.22052415803645,48088700
2023-06-27,186.43994140625,186.7671004131867,184.0705308354124,184.28863684003687,50730800
2023-06-28,187.6196746826172,188.26406909954764,185.9838949305078,186.31103877905792,51216800
2023-06-29,187.95675659179688,188.43263248114428,187.312362125066,187.45115547762376,46347300
2023-06-30,192.2990264892578,192.80462759541973,189.6123654098311,189.97918829297507,85069600
2023-07-03,190.80203247070312,192.20979786240994,190.1080506189076,192.11065327577057,31458200
2023-07-05,189.68174743652344,191.3175270975779,188.97785723169864,189.91968534956396,46920300
2023-07-06,190.15760803222656,190.36580559694158,187.57009184775086,188.20457782150964,45094300
2023-07-07,189.03732299804688,191.01018499526114,188.6011262162648,189.76104508696721,46778000
2023-07-10,186.98516845703125,188.35328491241106,185.42868638795846,187.62956280429208,59922200
2023-07-11,186.4597625732422,187.66925393721883,184.99251645839882,187.53046059023825,46638100
2023-07-12,188.1352081298828,190.04857465553215,186.84640410814296,188.04597194874682,60750200
2023-07-13,188.8985595703125,189.5429691298021,188.14511214362412,188.8589108119984,41342300
2023-07-14,189.04730224609375,189.5330714565902,187.99643604296824,188.59125826288385,41573900
2023-07-17,192.31883239746094,192.64599134916114,190.1576046603519,190.2468257033596,50520200
2023-07-18,192.0610809326172,192.65591819761897,190.76236853561463,191.6843647836334,48353800
2023-07-19,193.41928100585938,196.52230675519328,190.99037488225764,191.4365103758755,80507300
2023-07-20,191.4662628173828,194.77748634801802,190.84168518874347,193.40936968617578,59581200
2023-07-21,190.2864990234375,193.29039530573385,189.58260879656223,192.42789492586837,71917800
2023-07-24,191.0895538330078,193.23095012909155,190.59386108635928,191.74387188914596,45377800
2023-07-25,191.9520263671875,192.7649696142135,191.25805964859208,191.66453127210508,37283200
2023-07-26,192.82443237304688,193.95461096026835,191.65460503159764,192.0015807949404,47471900
2023-07-27,191.55545043945312,195.50115931803353,190.89122416766395,194.3313320377493,47460200
2023-07-28,194.14300537109375,194.93611671931453,192.46756161890426,192.99299467254062,48291400
2023-07-31,194.7576446533203,194.7973085377491,193.57789369266726,194.37100498050742,38824100
2023-08-01,193.9248809814453,195.0352276872512,193.59772201405482,194.54945856713078,35175100
2023-08-02,190.92098999023438,193.4985827896997,190.1972829299724,193.3597894476311,50389300
2023-08-03,189.5231170654297,190.71277634396813,189.047256379482,189.91968024316816,61235200
2023-08-04,180.42221069335938,185.7657766923876,180.3528064633521,183.92179948550063,115799700
2023-08-07,177.30929565429688,181.5524242148805,175.82221746360614,180.56103875442,97576100
2023-08-08,178.25108337402344,178.71703568412062,176.05020675575068,178.14203038384454,67823000
2023-08-09,176.65496826171875,179.37135459798415,175.48512561412892,179.3118738938821,60378500
2023-08-10,176.43682861328125,179.19287831156532,176.07002092304583,177.93381484794008,54686900
2023-08-11,176.4964141845703,177.32037701982404,175.26544597344693,176.02984778529373,51988100
2023-08-14,178.15428161621094,178.38260392804418,176.01991561712387,176.67511718788185,43675600
2023-08-15,176.1588592529297,178.17408762934988,175.76177573799802,177.5784623569524,43622600
2023-08-16,175.28529357910156,177.24094603057796,175.2157956243564,175.84121662599503,46964900
2023-08-17,172.73397827148438,176.2184341041098,172.21775754332145,175.85113106656488,66062900
2023-08-18,173.22044372558594,173.8260060676773,170.70885281849434,171.04637539663875,61114200
2023-08-21,174.56060791015625,174.8485063914746,172.47589631953025,173.79622123414413,46311900
2023-08-22,175.9404754638672,176.38719824747957,174.96761015656983,175.77171419662545,42084200
2023-08-23,179.80218505859375,180.2290643006026,177.032491470534,177.2211114741355,52722800
2023-08-24,175.0966796875,179.78233860000068,174.72936147404116,179.355459364837,54945800
2023-08-25,177.31045532226562,177.84651968096887,174.54076169805765,176.08940889849805,51449600
2023-08-28,178.87896728515625,179.27605088665493,177.25090028258217,178.77968881089737,43820700
2023-08-29,182.78036499023438,183.55468861261488,178.19398428109324,178.3925260808221,53003900
2023-08-30,186.28466796875,186.48322490340712,183.39585240180426,183.59439418869403,60813900
2023-08-31,186.50306701660156,187.7439721096439,186.11590523348306,186.47328650618994,60794500
2023-09-01,188.08151245117188,188.53815704908098,186.91009015003394,188.11129296200212,45732600
2023-09-05,188.3197479248047,188.5977094450193,186.24495831042893,186.91008160149724,45280000
2023-09-06,181.5791778564453,187.47596172928527,180.14965265723944,187.02922374370715,81755800
2023-09-07,176.26808166503906,176.91336139268128,172.27732670257566,173.90539355501954,112488800
2023-09-08,176.88356018066406,178.92858440411607,176.4963984153427,177.05233659559462,65551300
2023-09-11,178.05499267578125,178.98815574028976,176.04968578063105,178.75983344187836,58953100
2023-09-12,175.01727294921875,178.81940831086655,173.54804542949864,178.18406545251986,90370200
2023-09-13,172.9424591064453,176.00997270905043,172.71412167424248,175.22571224634177,84267900
2023-09-14,174.46131896972656,174.8187002110415,172.31703152183695,172.7339737787434,60895800
2023-09-15,173.7366180419922,175.2157822233053,172.5552892315787,175.19592350235882,109205100
2023-09-18,176.67510986328125,178.07485448429676,174.8882034479176,175.19594549627539,67257600
2023-09-19,177.76712036132812,178.3230434602776,175.84123309156146,176.22839490317045,51826900
2023-09-20,174.21315002441406,178.3925098170354,174.1237933470795,177.95570880879336,58436200
2023-09-21,172.6644744873047,175.0172406192522,172.5949916855764,173.27997365508898,63047900
2023-09-22,173.5182342529297,175.79158086544706,172.7836281326413,173.39911221131908,56725400
2023-09-25,174.7988739013672,175.68239780791916,172.88290837390605,172.93254761202513,46172700
2023-09-26,170.70883178710938,173.92524796713502,170.41101154694528,173.54802313417602,64588900
2023-09-27,169.18997192382812,171.7809825966186,167.82002287860425,171.36404026565756,66921800
2023-09-28,169.4480743408203,170.77832096236608,166.40040416763804,168.1078907839796,56294400
2023-09-29,169.9643096923828,171.81077723148027,169.10062937476448,170.76841383641792,51814200
2023-10-02,172.4857940673828,173.03179529398386,169.6863051315917,169.9742035727841,52164500
2023-10-03,171.1456298828125,172.366691440067,169.57713912474932,171.0066491138284,49594600
2023-10-04,172.39645385742188,172.9424550881848,169.72602386786275,169.84514590084152,53020300
2023-10-05,173.63739013671875,174.1734545294483,171.42360430666272,172.52552875349963,48527900
2023-10-06,176.19859313964844,176.69495515352654,171.91993985589522,172.53543905358532,57224100
2023-10-09,177.68768310546875,177.74724412480685,174.52089096334598,175.52353680032698,42390800
2023-10-10,177.09205627441406,178.4123811800482,176.65525523522464,176.8041729428218,43698000
2023-10-11,178.4917755126953,178.54141474149296,176.30778577549145,176.90341107776567,47551100
2023-10-12,179.3951873779297,181.01331743803624,177.73732472140046,178.759844529376,56743100
2023-10-13,177.5487060546875,180.60628286156256,176.84386529966793,180.09999903884182,51427100
2023-10-16,177.41966247558594,177.77704377786506,175.22573542452864,175.4639946753042,52517000
2023-10-17,175.86106872558594,177.12183257732815,173.5281761730158,175.36470667426025,57549400
2023-10-18,174.56060791015625,176.2879533547619,173.8359235344459,174.3025050887744,54764400
2023-10-19,174.18338012695312,176.54605322348112,173.91534037415258,174.75914678442408,59302900
2023-10-20,171.6221466064453,174.14365914589465,171.38388737014972,174.03445888939677,64189300
2023-10-23,171.7412567138672,172.7439025281915,168.69358667928853,169.66646713238327,55980100
2023-10-24,172.17807006835938,172.4063923696406,170.20254365913797,171.7909082758531,43816600
2023-10-25,169.8551025390625,171.80083332633419,169.4083645680371,170.62942613878033,57157000
2023-10-26,165.6757049560547,170.13304109397222,164.46458048468762,169.13038017633548,70625300
2023-10-27,166.99603271484375,167.73065392902063,165.61614695891157,165.69556669674958,58499100
2023-10-30,169.05096435546875,169.92456632823416,167.6412980843576,167.79021577395145,51131000
2023-10-31,169.52749633789062,169.6565401685357,166.67836791176023,168.11782995408234,44846000
2023-11-01,172.7042236328125,172.96232646167283,168.88222955093784,169.75583166057058,56934900
2023-11-02,176.2779998779297,176.48646342563364,174.18335172794758,174.24291274157727,77334800
2023-11-03,175.36471557617188,175.53349201222565,172.0887379893404,172.9722618796391,79763700
2023-11-06,177.92591857910156,178.12446034988363,174.9279030004302,175.09666426298327,63841300
2023-11-07,180.49708557128906,181.11256960611928,177.66781610245852,177.87627966042598,70530000
2023-11-08,181.55929565429688,182.1152186825965,180.26875139702054,181.02323134779837,49340300
2023-11-09,181.08277893066406,182.7803283984379,180.48713850295357,181.62878013143776,53763500
2023-11-10,185.2875518798828,185.4565506612299,182.43468499907056,182.87206148972973,66133400
2023-11-13,183.69711303710938,184.91976812620925,183.11063780884533,184.7110299042217,43627500
2023-11-14,186.32135009765625,186.987349680322,185.18815428767326,186.579792942837,60108400
2023-11-15,186.887939453125,188.36905250310778,186.65931635404164,186.72890587030213,53790500
2023-11-16,188.5778045654297,189.82034448090351,187.52411797622008,188.43864070160558,54412900
2023-11-17,188.5579071044922,189.24379151892643,187.44459626814825,189.11456252266416,50922700
2023-11-20,190.30740356445312,190.76466491067268,188.7467813740569,188.75671623264228,46505100
2023-11-21,189.5022430419922,190.37699597796984,188.60762038854105,190.26765186097265,38134500
2023-11-22,190.16824340820312,191.77857025832532,189.6911123355231,190.34717704028523,39617700
2023-11-24,188.83624267578125,189.76068506922263,188.1205384889839,189.73086532541635,24048300
2023-11-27,188.6573028564453,189.53205575999598,187.77261509452617,188.78653185384877,40552600
2023-11-28,189.263671875,189.9396214691522,188.26963995303524,188.64737693705334,38415400
2023-11-29,188.2398223876953,190.9435904601538,187.84221568139642,189.76069003248776,43014200
2023-11-30,188.81634521484375,189.18414731016307,187.06685463459638,188.70700110559565,48794400
2023-12-01,190.0986785888672,190.41676093068807,188.1006646303825,189.19410585978827,45679300
2023-12-04,188.29945373535156,188.91576382150808,186.33127483914026,188.84617430866663,43389500
2023-12-05,192.26565551757812,193.23980256929687,189.0449865799245,189.07482149235318,66628400
2023-12-06,191.17222595214844,193.5976510937421,190.9634725753497,193.28950362567244,41089700
2023-12-07,193.110595703125,193.83623479668313,192.43464607405332,192.4744158469115,47477700
2023-12-08,194.54197692871094,194.82030462884575,192.5141434931892,193.0409791518531,53377300
2023-12-11,192.02706909179688,192.3352317119437,190.27757846347603,191.957494748212,60943700
2023-12-12,193.5479736328125,193.5579084922386,190.5758125501861,191.92769665062553,52696900
2023-12-13,196.778564453125,196.8183190559037,193.68712459255818,193.925682544677,70404200
2023-12-14,196.92767333984375,198.4286561477334,194.9893140401918,196.83821410318075,66831600
2023-12-15,196.39089965820312,197.2159328291742,195.82429416614897,196.3511298862745,128256700
2023-12-18,194.7209014892578,195.45649052996882,193.2298536912898,194.9197048287757,55751900
2023-12-19,195.7646484375,195.77458329630363,194.72091188963017,194.98930475456203,40714100
2023-12-20,193.66725158691406,196.50023361616374,193.66725158691406,195.72488988877126,52242800
2023-12-21,193.5181121826172,195.90379770975298,192.34516188676014,194.9296507492267,46482500
2023-12-22,192.44459533691406,194.24379077463595,191.8183503425399,194.01515250091973,37122800
2023-12-26,191.89788818359375,192.7328714561915,191.6791999215717,192.4545436986589,28919300
2023-12-27,191.99725341796875,192.3451706464339,189.94955015213438,191.34120389827206,48087700
2023-12-28,192.42471313476562,193.4982694967864,192.01715638138543,192.98136861854135,34049900
2023-12-29,191.38096618652344,193.23980104114617,190.58573760932344,192.7427850763616,42628800
2024-01-02,184.53208923339844,187.31538170646215,182.79253333369908,186.03307200647276,82488700
2024-01-03,183.15037536621094,184.77065219734183,182.3352619375341,183.1205556229884,58414500
2024-01-04,180.8243408203125,181.99729114451387,179.80048920928164,181.06289876138527,71983600
2024-01-05,180.09869384765625,181.6692660827433,179.09472708075188,180.90387243418792,62303300
2024-01-08,184.4525604248047,184.49233019548157,180.41679326133186,181.0032684531674,59144500
2024-01-09,184.03506469726562,184.04499955584959,181.63944418662982,182.82234457021028,42841800
2024-01-10,185.07879638671875,185.28753458558947,182.8223397938252,183.2497813853363,46792900
2024-01-11,184.4823760986328,185.93366934185158,182.524132048394,185.42670336710847,49128400
2024-01-12,184.81040954589844,185.6255229866903,184.08477050382692,184.9495734055796,40444700
2024-01-16,182.53408813476562,183.16031793652851,179.85018978995151,181.07285998444632,65603000
2024-01-17,181.58975219726562,181.83826018866833,179.2239664331644,180.18817865322478,47317400
2024-01-18,187.50424194335938,188.01119275141858,184.72094959289208,184.979392426226,78005800
2024-01-19,190.41676330566406,190.8044351704297,187.693125392904,188.20007624137466,68741000
2024-01-22,192.7328338623047,194.16424214625192,191.1125571009308,191.15232686866392,60133900
2024-01-23,194.01515197753906,194.58175747905844,192.67321792314553,193.8561183903394,42355600
2024-01-24,193.33920288085938,195.20798769039715,193.18015413797895,194.25371040083746,53631300
2024-01-25,193.01116943359375,195.0986424607324,191.95749806154728,194.0549059471631,54822100
2024-01-26,191.27162170410156,193.59765277461963,190.79449062577763,193.11058683739938,44594000
2024-01-29,190.58575439453125,191.05295065599338,188.44859162482356,190.8640821459055,47145600
2024-01-30,186.91775512695312,190.65532484477694,186.35116482109103,189.80045678886228,55859400
2024-01-31,183.2994842529297,185.98338263365994,183.24979478995033,185.92372797618197,55467800
2024-02-01,185.74481201171875,185.83427124755644,182.72296153753896,182.8919451500293,64885400
2024-02-02,184.7408447265625,186.21200777158808,178.18022776276848,178.78658786144558,102518000
2024-02-05,186.55992126464844,188.12055880845503,184.73090599759692,187.02711752504118,69668800
2024-02-06,188.1702423095703,188.180177168222,185.65534280788862,185.74480203892318,43490800
2024-02-07,188.27960205078125,189.9098139006124,187.48437342868021,189.5022571462235,53439000
2024-02-08,187.1961212158203,188.4088263513659,186.23190892276523,188.25972761232654,40962000
2024-02-09,187.96246337890625,189.09710508715864,187.11645206865865,187.76339117385248,45155200
2024-02-12,186.27044677734375,187.78330749959082,185.91213805857674,187.53448242231033,41781900
2024-02-13,184.1703643798828,185.33487911795885,182.64755610649428,184.89694454758455,56529500
2024-02-14,183.28456115722656,184.65808055839094,181.5826059912504,184.44907598078342,54630500
2024-02-15,182.9959259033203,183.62296999377594,180.4977274519665,182.68738521978767,65434500
2024-02-16,181.4532012939453,183.98127264473297,180.816209688257,182.5579852711476,49701400
2024-02-20,180.7067413330078,181.57264783618368,179.15407511197006,180.93565617660207,53665600
2024-02-21,181.46316528320312,182.03047857973698,179.8109630738625,181.08494629412857,41529700
2024-02-22,183.5035400390625,184.09077884972692,181.60252771208349,182.6177232415446,52292200
2024-02-23,181.6622314453125,184.1703774935557,181.37358582743232,184.14051969682032,45119700
2024-02-26,180.30860900878906,181.90108040317875,179.8009961275691,181.38353517321784,40867400
2024-02-27,181.77171325683594,183.05564406470424,178.71613380047907,180.24890489042258,54318900
2024-02-28,180.56739807128906,182.25940572629614,179.28346722817705,181.65227187035535,48953900
2024-02-29,179.90054321289062,181.71199718953457,178.6862755375109,180.41810366151438,136682600
2024-03-01,178.815673828125,179.6815803178056,176.54639012704013,178.7061901764464,73488000
2024-03-04,174.277099609375,176.0686281128373,172.9732433768994,175.3221528407019,81510100
2024-03-05,169.32049560546875,171.2314705105848,168.82284541599856,169.95748724050745,95132400
2024-03-06,168.32518005371094,170.43522699407845,167.88724549652,170.256065044738,68587700
2024-03-07,168.20574951171875,169.92761476617306,167.6981518296525,168.35503848083317,71765100
2024-03-08,169.92762756347656,172.8836708711805,168.14604658720506,168.20576217934803,76114600
2024-03-11,171.93814086914062,173.56048535052068,171.2414336396481,172.12725037151972,60139500
2024-03-12,172.41587829589844,173.21212162678884,170.20631026653984,172.33625244410158,59825400
2024-03-13,170.3257598876953,172.37607625258147,169.95748841772314,171.9580519129805,52488700
2024-03-14,172.1869659423828,173.49080701178275,171.2414336176872,172.0973925529764,72913500
2024-03-15,171.80873107910156,171.80873107910156,169.4896795825833,170.36554869703198,121664700
2024-03-18,172.90357971191406,176.87483361469177,172.70452267737835,174.7448914522954,75604200
2024-03-19,175.2524871826172,175.77999515234478,172.2168180823409,173.52065910891577,55215200
2024-03-20,177.83030700683594,177.83030700683594,174.2671300256647,174.89417408943874,53423100
2024-03-21,170.56460571289062,176.65585381045534,170.037097774542,176.21791925324277,106181300
2024-03-22,171.47035217285156,172.23673773536032,169.26078406375387,170.95279171103329,71106600
2024-03-25,170.0470733642578,171.13194711675717,168.65364374159117,169.76839047714014,54288300
2024-03-26,168.9124298095703,170.61438491064948,168.78303590364706,169.20106023000122,57388400
2024-03-27,172.49551391601562,172.78415954350993,169.31055559917013,169.60914876354798,60273300
2024-03-28,170.67410278320312,171.4205780589011,169.70866021166748,170.94283813483634,65672700
2024-04-01,169.2309112548828,170.4451788535061,168.68349304450714,170.38546326457012,46240500
2024-04-02,168.04649353027344,168.54414366405445,167.43935975957754,168.28537106183597,49329500
2024-04-03,168.85269165039062,169.8778497555363,167.78772821512752,167.99673277562965,47691700
2024-04-04,168.026611328125,171.11203328162168,168.026611328125,169.48968886138192,53704400
2024-04-05,168.78302001953125,169.58921080070664,168.15597599547186,168.7929675547899,42055200
2024-04-08,167.65834045410156,168.40481571452685,167.4493358859462,168.23561647794648,37425500
2024-04-09,168.87261962890625,169.2806964440478,167.55883097808936,167.90717701117094,42451200
2024-04-10,166.9915008544922,168.29534195603523,166.3246514051182,168.00671152069506,49709300
2024-04-11,174.2173614501953,174.63540094951088,167.36970557110288,167.54885233902874,91070300
2024-04-12,175.7202911376953,177.52178245719062,173.39129181372058,173.44104468475973,101593300
2024-04-15,171.87840270996094,175.7998881273465,171.68929323241036,174.53585255667426,73531800
2024-04-16,168.58399963378906,172.94340539530876,167.47921549696915,170.94285690412892,73711200
2024-04-17,167.21046447753906,169.84800441976404,167.21046447753906,168.81289870293196,50901200
2024-04-18,166.2549591064453,167.8474456964944,165.7672716683895,167.24031189258443,43122900
2024-04-19,164.2245635986328,165.6179780634261,163.3088890664717,165.42888374733738,67772100
2024-04-22,165.06060791015625,166.47393259764522,163.9956444231876,164.74211969252124,48116400
2024-04-23,166.11563110351562,166.26493527613894,164.1449405589347,164.57292762929356,49537800
2024-04-24,168.22567749023438,168.50436038665487,165.4288858023208,165.75732156896873,48251800
2024-04-25,169.09158325195312,169.80820075027214,167.3597550998357,168.73327450279362,50558300
2024-04-26,168.5043487548828,170.53475474394267,168.38490238817732,169.081624768213,44838400
2024-04-29,172.68460083007812,175.20270935632288,172.28648678772151,172.55520693212748,68169400
2024-04-30,169.5294952392578,174.16759809934044,169.2010443307548,172.51539602156524,65934800
2024-05-01,168.5043487548828,171.89832652202932,168.31523926242042,168.78303163206596,50383100
2024-05-02,172.21682739257812,172.6049939419865,170.08688513916925,171.69926693100732,94214900
2024-05-03,182.51817321777344,186.12115543095717,181.80155578938326,185.7727942523785,163224100
2024-05-06,180.8560333251953,183.3343214775735,179.5720873686165,181.4930249418685,78569700
2024-05-07,181.5427703857422,184.0310211595987,180.46785941606433,182.58783874817743,77305800
2024-05-08,181.88119506835938,182.20964601288568,180.59724908638574,181.9906787165348,45057100
2024-05-09,183.7025909423828,183.79216432803474,181.25414542501753,181.70202754035518,48983000
2024-05-10,182.43685913085938,184.47001925959685,181.51994258592455,184.280653249985,50759500
2024-05-13,185.65602111816406,186.47328168344126,184.00157793065927,184.81883849593646,72044800
2024-05-14,186.80215454101562,187.66925062518712,185.66597383097238,186.88188838827716,52393600
2024-05-15,189.0845184326172,190.01139602124525,186.7423838683229,187.28058361009533,70400000
2024-05-16,189.2041015625,190.45989075478766,189.02471179656044,189.83199615864385,52845200
2024-05-17,189.23399353027344,190.17084727488813,188.54630236847427,188.87519880271202,41282900
2024-05-20,190.40008544921875,191.27714266640717,188.37688635675946,188.69582178398366,44361300
2024-05-21,191.70570373535156,192.08442053272114,190.28048580582154,190.44991454290118,42309400
2024-05-22,190.2605438232422,192.17412585880137,189.63266445026173,191.625965130265,34648500
2024-05-23,186.2540283203125,190.3602230291439,186.00486572472462,190.34028576334703,51005900
2024-05-24,189.3436279296875,189.94162421863646,187.41012383078694,188.1875250894915,36294600
2024-05-28,189.3535919189453,192.35350378297326,188.46657377923762,190.86848939299406,52280100
2024-05-29,189.65260314941406,191.60604467860838,188.87521703261189,188.97488815842905,53068000
2024-05-30,190.6492462158203,191.53626445370173,189.99146851693155,190.12102272627732,49947900
2024-05-31,191.6060333251953,191.92496874276912,189.27387511297837,190.79874896001851,75158300
2024-06-03,193.38006591796875,194.33685694398167,191.8751293663799,192.25384615761888,50080500
2024-06-04,193.69898986816406,194.66574186569684,192.38340418619828,193.98801176077237,47471400
2024-06-05,195.21389770507812,196.24044634116564,194.2172473626493,194.74547082752238,54156800
2024-06-06,193.82855224609375,195.84179017422778,193.5195930765027,195.03450583879902,41181800
2024-06-07,196.23048400878906,196.28031956711487,193.48969558531903,193.99798178181695,53103900
2024-06-10,192.4730987548828,196.63910486677477,191.50634675889475,196.2404356269631,97262100
2024-06-11,206.45611572265625,206.46609195915696,192.9814138224934,193.00133588013964,172373300
2024-06-12,212.35630798339844,219.46241499269527,206.20696163392407,206.67538853844061,198134300
2024-06-13,213.52236938476562,216.02395620562416,210.89121315624297,214.02069454325613,97862700
2024-06-14,211.77822875976562,214.44924427717243,210.59221246372425,213.13367378271622,70122700
2024-06-17,215.94422912597656,218.21659070332575,212.0074632920053,212.65527993528355,93728300
2024-06-18,213.5721893310547,217.89766325641614,212.28651711595563,216.86113841241473,79943300
2024-06-20,208.97763061523438,213.5223688231627,208.1504242370716,213.21339445126264,86172500
2024-06-21,206.7949981689453,211.18025387128242,206.4162661482939,209.68527826262047,246421400
2024-06-24,207.44281005859375,211.9875333707341,205.89799892378585,207.02421872275744,80727000
2024-06-25,208.36968994140625,210.67194975002218,207.91122410230182,208.44940858434205,56713900
2024-06-26,212.5356903076172,214.1402980033581,209.9344322470105,210.79155216910215,66213200
2024-06-27,213.3828582763672,215.01736433595826,211.63872006367095,213.97087836680484,49772700
2024-06-28,209.91448974609375,215.34624626528088,209.5955695452833,215.04724812174294,82542700
2024-07-01,216.02395629882812,216.78140506529675,211.2101334408119,211.37956216985054,60402900
2024-07-02,219.5321807861328,219.64181293490427,214.3795002092306,215.42597092933886,58046200
2024-07-03,220.80789184570312,220.80789184570312,218.29632866276663,219.26308073535034,37369800
2024-07-05,225.5818328857422,225.69146503075916,220.90754038733803,220.90754038733803,60412400
2024-07-08,227.056884765625,227.08678305881674,222.50218547217585,226.32931907748747,59085900
2024-07-09,227.9139862060547,228.631575647805,225.6117264169712,227.1664984715379,48076100
2024-07-10,232.19960021972656,232.29927134034506,228.48209857735924,228.5319341376685,62627700
2024-07-11,226.80772399902344,231.61157070495582,225.01375035477759,230.61492037011672,64710600
2024-07-12,229.76776123046875,231.86073301422448,227.91399100155513,228.1531925563972,53046500
2024-07-15,233.61483764648438,236.43535998230433,232.3092281117703,235.68787221439834,62631300
2024-07-16,234.03343200683594,235.47857190808813,231.55176727169922,234.2128217621178,43234300
2024-07-17,228.1133270263672,230.68468664215072,225.88082486496336,228.68140979310064,57345900
2024-07-18,223.42906188964844,229.66810263837593,221.52547133243425,229.50863493701104,66034600
2024-07-19,223.5586395263672,226.04030439428965,222.53209087352224,224.06694094221692,49151500
2024-07-22,223.20980834960938,227.01700459563804,222.34271224556252,226.24957960487185,48201800
2024-07-23,224.2563018798828,226.17984506717187,221.9341046141529,223.61844622977043,39960300
2024-07-24,217.80795288085938,224.04699357799979,216.40268749627205,223.24967028544495,61777600
2024-07-25,216.76148986816406,220.11023564894725,213.9010930254534,218.19665359620475,51391200
2024-07-26,217.2299041748047,218.75477790382115,215.2864239407029,217.96741565742542,41601300
2024-07-29,217.50897216796875,218.5654190781,215.0273073866339,216.23326096996,36311800
2024-07-30,218.06710815429688,219.5919820328496,215.39607720378967,218.45580119769897,41643800
2024-07-31,221.3361053466797,223.07028238181744,219.89096542123676,220.6982497488722,50036300
2024-08-01,217.62855529785156,223.72805013234773,216.29304757526307,223.618417993468,62501000
2024-08-02,219.12355041503906,224.84432899946665,216.98075820790513,218.41592196270943,105568600
2024-08-05,208.5690155029297,212.7848420736874,195.34346157584417,198.42310739676375,119548600
2024-08-06,206.5358428955078,209.28660752946874,200.39648844230862,204.61231506511243,69660500
2024-08-07,209.11717224121094,212.92436846093156,205.69865382063958,206.20693999643444,63516400
2024-08-08,212.59547424316406,213.4824924067945,208.13048513245963,212.39614722358988,47161100
2024-08-09,215.51568603515625,216.05387055494424,211.259984607228,211.38955402452135,42201600
2024-08-12,217.0522918701172,219.02793942662467,215.12653755613,215.59550663031672,38028100
2024-08-13,220.78408813476562,221.4027217224782,218.52904142421028,218.52904142421028,44155300
2024-08-14,221.23309326171875,222.54021400164925,219.21752501736546,220.08562480803565,41960600
2024-08-15,224.22650146484375,224.8551228159093,222.27079905335071,224.10676986474735,46414000
2024-08-16,225.5535888671875,226.33187474025672,223.15885022096822,223.42826155403992,44340200
2024-08-19,225.3939208984375,225.49370737790127,222.55017371179113,225.22429606357244,40687800
2024-08-20,226.0125732421875,226.6711275207631,224.95490346311303,225.27420804373648,30299000
2024-08-21,225.90281677246094,227.47934890039068,224.55579052395228,226.0225636042008,34765500
2024-08-22,224.0369110107422,227.8385414771675,223.4082896744648,227.28974628083643,43695300
2024-08-23,226.3418426513672,227.7188169640382,223.83736023691762,225.16444130741013,38677300
2024-08-26,226.68109130859375,226.7808777924977,223.39832305195915,226.2620154817008,30602200
2024-08-27,227.52923583984375,228.34744239539063,224.39613201364162,225.50369501854036,35934600
2024-08-28,225.99261474609375,229.35520907583674,225.18438078371824,227.4194670399241,38052200
2024-08-29,229.28536987304688,232.4085012026452,228.37737982242845,229.59470189609323,51906300
2024-08-30,228.49710083007812,229.89402024722435,226.98043458769098,229.6844899472923,52990800
2024-09-03,222.28079223632812,228.4971066385697,220.68429981162342,228.04809790202157,50190600
2024-09-04,220.36500549316406,221.29295584608857,217.0023958735564,221.17322424578342,43840200
2024-09-05,221.8916473388672,224.98483044961614,221.03353533260162,221.14329437614535,36615400
2024-09-06,220.33506774902344,224.74535922490057,219.2873705935476,223.45818364879955,48423000
2024-09-09,220.4248809814453,220.7840910234286,216.23410730849415,220.3350822772696,67180000
2024-09-10,219.62661743164062,220.9936039050013,216.25403537150672,218.43922835246784,51591000
2024-09-11,222.17103576660156,222.6000841658612,217.41150656335964,220.97367404683663,44587100
2024-09-12,222.28079223632812,223.0590781064196,219.33727360197898,222.01138090428717,37498200
2024-09-13,222.01136779785156,223.54797910505988,221.42266715079168,223.08899783711732,36766600
2024-09-16,215.84495544433594,216.74297289953918,213.4502168549942,216.0644583037111,59357400
2024-09-17,216.31390380859375,216.42366284814068,214.02893954474482,215.27619443719672,45519300
2024-09-18,220.20535278320312,222.22092099435915,217.06226125375574,217.07224903728172,59894900
2024-09-19,228.3673858642578,229.31531179988679,224.1367068474718,224.49591687958383,66781300
2024-09-20,227.6988525390625,232.57811312113958,227.12012443578536,229.46496974860833,318679900
2024-09-23,225.97265625,228.94610768522742,225.31410200503296,226.8407407931877,54146000
2024-09-24,226.8706817626953,228.8463445678705,225.2342838755063,228.14786961487798,43556100
2024-09-25,225.8728790283203,226.79085685048213,223.52804884217394,224.43603888049125,42308700
2024-09-26,227.02035522460938,227.99819881641105,224.9149883158055,226.80083714120576,36636700
2024-09-27,227.2897491455078,229.01596089620384,226.80083496693393,227.9582911728241,34026000
2024-09-30,232.48831176757812,232.48831176757812,229.1456625683617,229.5348054854851,54541900
2024-10-01,225.71322631835938,229.14565893600417,223.24864947388588,229.0159547825387,63285000
2024-10-02,226.28196716308594,226.8706678098605,222.53022998119604,225.3939223013361,32880600
2024-10-03,225.17440795898438,226.3119038145279,222.82957789090332,224.64557310138042,34044200
2024-10-04,226.30194091796875,227.49930262356304,223.63780617480538,227.39951613756347,37245100
2024-10-07,221.2031707763672,225.19438676879486,220.84396072803747,224.0069975750027,39505400
2024-10-08,225.27420043945312,225.4837307412941,222.75973024040246,223.80742742544692,31855700
2024-10-09,229.03591918945312,229.24546472466872,224.33627096325682,224.73538646570117,33591100
2024-10-10,228.53700256347656,228.99599906464633,226.67111410985407,227.279775108536,28183500
2024-10-11,227.05029296875,228.9062089337624,226.84074743911052,228.79644988971887,31759200
2024-10-14,230.79205322265625,231.22110160659443,228.09798564307096,228.19775690140833,39882100
2024-10-15,233.33645629882812,236.9684620133565,231.85969551276995,233.0969778733182,64751400
2024-10-16,231.27099609375,231.61024577942743,229.33525401328018,231.09139869260778,34082200
2024-10-17,231.6401824951172,233.3364614020046,230.0137723986246,232.9173703418766,32993800
2024-10-18,234.4839324951172,235.66133386929857,233.4961010856326,235.66133386929857,46431500
2024-10-21,235.96067810058594,236.32987592195377,233.9351372634737,233.9351372634737,36254500
2024-10-22,235.342041015625,235.70125104779564,232.08920560922664,233.376366009758,38846600
2024-10-23,230.25323486328125,234.62362105235994,227.25982300232985,233.56595129753524,52287000
2024-10-24,230.06365966796875,230.31311065070702,227.90839952304313,229.4749437774939,31109500
2024-10-25,230.9018096923828,232.7078323586645,229.0658541264054,229.23547896644118,38802300
2024-10-28,232.88743591308594,234.21451699403664,232.03931169048735,232.80762499530724,36087100
2024-10-29,233.15684509277344,233.815399347975,231.8098189074392,232.58810476348472,35417200
2024-10-30,229.59469604492188,232.95729049985403,229.04590082483264,232.09917848988178,47070900
2024-10-31,225.4138946533203,229.325284321648,224.8750719925984,228.83635490362704,64370100
2024-11-01,222.4204864501953,224.8551305713263,219.78628458026085,220.48474431371312,65276700
2024-11-04,221.52244567871094,222.3007315284092,219.2275088130919,220.5046966292777,44944500
2024-11-05,222.95928955078125,223.45819152571042,220.65436486265338,221.31291912362707,28111300
2024-11-06,222.23089599609375,225.5735453041769,220.7042571772517,222.12113695305962,54561100
2024-11-07,226.98043823242188,227.37956894750107,224.0768403097807,224.13670611072257,42137700
2024-11-08,226.7107391357422,228.4088689967903,226.16134014604208,226.92049995960826,38328800
2024-11-11,223.98373413085938,225.45212091614073,221.25673663335022,224.7528927426808,42005600
2024-11-12,223.98373413085938,225.34224111445195,223.11469448970428,224.30339000560164,40398300
2024-11-13,224.8727569580078,226.4010754152989,222.5153482196322,223.76397540644066,48566200
2024-11-14,227.9693603515625,228.61864039722624,224.7528954725484,224.77287777547028,44923900
2024-11-15,224.7528839111328,226.67077335813082,224.023689933323,226.15134020310103,47923700
2024-11-18,227.7695770263672,229.4876892234719,224.92270099550518,225.00261496304853,44686000
2024-11-19,228.02928161621094,229.90722171238716,226.41106572007726,226.73070634208972,36211800
2024-11-20,228.7484893798828,229.67746064503265,225.64190448211673,227.80951934283004,35169600
2024-11-21,228.26902770996094,229.90722593821596,225.46211628612434,228.6286329426038,42108300
2024-11-22,229.61753845214844,230.46661102927646,227.80952873867182,227.80952873867182,38168300
2024-11-25,232.61424255371094,232.99383009111634,229.48769048234254,231.2058026888721,90152800
2024-11-26,234.8018341064453,235.31128373473052,233.07373841155265,233.07373841155265,45986200
2024-11-27,234.67198181152344,235.43115689965902,233.55321672420507,234.21249554010248,33498400
2024-11-29,237.06935119628906,237.5488197625333,233.71304074851764,234.55211454995276,28481400
2024-12-02,239.3268585205078,240.52553753151284,236.89953466637493,237.00941446483552,48137100
2024-12-03,242.3834991455078,242.49337894569658,238.6376176509325,239.54662188503684,38861000
2024-12-04,242.74310302734375,243.84190102311462,240.9850414761411,242.60325739533934,44383900
2024-12-05,242.7730712890625,244.2714238935446,241.86408229295347,243.72204013219255,40033900
2024-12-06,242.5732879638672,244.3613305629988,241.8141281502541,242.6432183998472,36870600
2024-12-09,246.47900390625,246.96847124510987,241.48449521514058,241.56440918324205,44649200
2024-12-10,247.4978790283203,247.93739821602466,245.0705399660552,246.61884065291167,36914800
2024-12-11,246.2192840576172,250.52454792031958,245.98952569372008,247.68767076725757,45205800
2024-12-12,247.68768310546875,248.46682524629017,245.41017310687806,246.61885092340057,32777500
2024-12-13,247.85748291015625,249.01619729452798,245.96955931284188,247.54782582286595,33155300
2024-12-16,250.7642822265625,251.10392039685559,247.3780059899919,247.71764416028498,51694800
2024-12-17,253.20159912109375,253.5512208135588,249.50566587259755,249.80533943156328,51356400
2024-12-18,247.77757263183594,254.0007260278641,247.46791553993853,251.88305927654196,56774100
2024-12-19,249.51565551757812,251.72323503929724,246.81862390484895,247.22817727073837,60882300
2024-12-20,254.21051025390625,254.71994465608725,245.42017186050566,247.76758181309805,147495300
2024-12-23,254.98965454101562,255.36922684225433,253.17164603591402,254.49020366493687,40858800
2024-12-24,257.91644287109375,257.92641115938613,255.0096198916901,255.2094124344067,23234700
2024-12-26,258.7355041503906,259.81433504408284,257.34704665632455,257.90642916266114,27237100
2024-12-27,255.30929565429688,258.41589596104086,252.78207543596488,257.54682582842287,42355300
2024-12-30,251.9230194091797,253.22159473829512,250.47461491371794,251.95298524244893,35557500
2024-12-31,250.1449737548828,253.00183336212825,249.15605553782555,252.16275955239965,39480700
2025-01-02,243.5821990966797,248.826433311358,241.55442975303322,248.65660659999048,55740700
2025-01-03,243.0927276611328,243.91181916074598,241.624340886356,243.0927276611328,40244100
2025-01-06,244.73092651367188,247.05836939894766,242.93290033169586,244.04168187374515,45045600
2025-01-07,241.94400024414062,245.28032844029428,241.08494412707995,242.71314361950866,40856000
2025-01-08,242.43344116210938,243.44234164075266,239.78635773622742,241.65429905026372,37628900
2025-01-10,236.58987426757812,239.8962364632009,232.74409661721964,239.7463920626497,61710900
2025-01-13,234.14256286621094,234.41227060505477,229.46771001708314,233.27352322575203,49630700
2025-01-14,233.02378845214844,235.8606656353981,232.21468051006943,234.49217517741417,39435300
2025-01-15,237.60874938964844,238.6975638581554,234.17252500331003,234.38230107288462,39832000
2025-01-16,228.00930786132812,237.74859991927732,227.7795647267042,237.089336348529,71759100
2025-01-17,229.7274169921875,232.03487756376998,228.22906438809179,231.86506609768284,68488300
2025-01-21,222.39547729492188,224.17352112887505,219.13906319002535,223.75398423747347,98070400
2025-01-22,223.58416748046875,223.87384226456615,219.54859611049605,219.54859611049605,64126500
2025-01-23,223.41436767578125,226.78066167492807,222.05586069453574,224.493183388126,60234800
2025-01-24,222.5353240966797,225.38220009721186,221.16683361690275,224.53312753788666,54697900
2025-01-27,229.6075439453125,231.89502211760887,223.73399710835045,223.77396171163917,94863400
2025-01-28,237.99832153320312,239.9262098046868,230.55650666713984,230.59647127201654,75707600
2025-01-29,239.0971221923828,239.5965730646729,233.75299176206667,233.86287156365174,45486100
2025-01-30,237.3290557861328,240.52553823889048,236.94948349745044,238.40787147181928,55658300
2025-01-31,235.74081420898438,246.91852728753366,233.18362815459494,246.91852728753366,101075100
2025-02-03,227.75958251953125,231.5753945205246,225.45212191586603,229.73741895869952,73063300
2025-02-04,232.54432678222656,232.87396618357337,226.40107197135944,227.00041910872287,45067300
2025-02-05,232.21469116210938,232.4144684638066,228.0193068583431,228.27901582634638,39620300
2025-02-06,232.9638671875,233.54323203112875,230.17692277145878,231.0359788855247,29925300
2025-02-07,227.3800048828125,233.74300400322835,227.0104008794231,232.3445476829273,39707200
2025-02-10,227.64999389648438,230.58999633789062,227.1999969482422,229.57000732421875,33115600
2025-02-11,232.6199951171875,235.22999572753906,228.1300048828125,228.1999969482422,53718400
2025-02-12,236.8699951171875,236.9600067138672,230.67999267578125,231.1999969482422,45243300
2025-02-13,241.52999877929688,242.33999633789062,235.57000732421875,236.91000366210938,53614100
2025-02-14,244.60000610351562,245.5500030517578,240.99000549316406,241.25,40896200
2025-02-18,244.47000122070312,245.17999267578125,241.83999633789062,244.14999389648438,48822500
2025-02-19,244.8699951171875,246.00999450683594,243.16000366210938,244.66000366210938,32204200
2025-02-20,245.8300018310547,246.77999877929688,244.2899932861328,244.94000244140625,32316900
2025-02-21,245.5500030517578,248.69000244140625,245.22000122070312,245.9499969482422,53197400
2025-02-24,247.10000610351562,248.86000061035156,244.4199981689453,244.92999267578125,51326400
2025-02-25,247.0399932861328,250.0,244.91000366210938,248.0,48013300
2025-02-26,240.36000061035156,244.97999572753906,239.1300048828125,244.3300018310547,44433600
2025-02-27,237.3000030517578,242.4600067138672,237.05999755859375,239.41000366210938,41153600
2025-02-28,241.83999633789062,242.08999633789062,230.1999969482422,236.9499969482422,56833400
2025-03-03,238.02999877929688,244.02999877929688,236.11000061035156,241.7899932861328,47184000
2025-03-04,235.92999267578125,240.07000732421875,234.67999267578125,237.7100067138672,53798100
2025-03-05,235.74000549316406,236.5500030517578,229.22999572753906,235.4199981689453,47227600
2025-03-06,235.3300018310547,237.86000061035156,233.16000366210938,234.44000244140625,45170400
2025-03-07,239.07000732421875,241.3699951171875,234.75999450683594,235.11000061035156,46273600
2025-03-10,227.47999572753906,236.16000366210938,224.22000122070312,235.5399932861328,72071200
2025-03-11,220.83999633789062,225.83999633789062,217.4499969482422,223.80999755859375,76137400
2025-03-12,216.97999572753906,221.75,214.91000366210938,220.13999938964844,62547500
2025-03-13,209.67999267578125,216.83999633789062,208.4199981689453,215.9499969482422,61368300
2025-03-14,213.49000549316406,213.9499969482422,209.5800018310547,211.25,60107600
2025-03-17,214.0,215.22000122070312,209.97000122070312,213.30999755859375,48073400
2025-03-18,212.69000244140625,215.14999389648438,211.49000549316406,214.16000366210938,42432400
2025-03-19,215.24000549316406,218.75999450683594,213.75,214.22000122070312,54385400
2025-03-20,214.10000610351562,217.49000549316406,212.22000122070312,213.99000549316406,48862900
2025-03-21,218.27000427246094,218.83999633789062,211.27999877929688,211.55999755859375,94127800
2025-03-24,220.72999572753906,221.47999572753906,218.5800018310547,221.0,44299500
2025-03-25,223.75,224.10000610351562,220.0800018310547,220.77000427246094,34493600
2025-03-26,221.52999877929688,225.02000427246094,220.47000122070312,223.50999450683594,34466100
2025-03-27,223.85000610351562,224.99000549316406,220.55999755859375,221.38999938964844,37094800
2025-03-28,217.89999389648438,223.80999755859375,217.67999267578125,221.6699981689453,39818600
2025-03-31,222.1300048828125,225.6199951171875,216.22999572753906,217.00999450683594,65299300
2025-04-01,223.19000244140625,223.67999267578125,218.89999389648438,219.80999755859375,36412700
2025-04-02,223.88999938964844,225.19000244140625,221.02000427246094,221.32000732421875,35905900
2025-04-03,203.19000244140625,207.49000549316406,201.25,205.5399932861328,103419000
2025-04-04,188.3800048828125,199.8800048828125,187.33999633789062,193.88999938964844,125910900
2025-04-07,181.4600067138672,194.14999389648438,174.6199951171875,177.1999969482422,160466300
2025-04-08,172.4199981689453,190.33999633789062,169.2100067138672,186.6999969482422,120859500
2025-04-09,198.85000610351562,200.61000061035156,171.88999938964844,171.9499969482422,184395900
2025-04-10,190.4199981689453,194.77999877929688,183.0,189.07000732421875,121880000
2025-04-11,198.14999389648438,199.5399932861328,186.05999755859375,186.10000610351562,87435900
2025-04-14,202.52000427246094,212.94000244140625,201.16000366210938,211.44000244140625,101352900
2025-04-15,202.13999938964844,203.50999450683594,199.8000030517578,201.86000061035156,51343900
2025-04-16,194.27000427246094,200.6999969482422,192.3699951171875,198.36000061035156,59732400
2025-04-17,196.97999572753906,198.8300018310547,194.4199981689453,197.1999969482422,51334300
2025-04-21,193.16000366210938,193.8000030517578,189.80999755859375,193.27000427246094,46742500
2025-04-22,199.74000549316406,201.58999633789062,195.97000122070312,196.1199951171875,52976400
